"","GEOID","NAME","geometry","latitude","longitude"
"1","24033800102","Census Tract 8001.02, Prince George's County, Maryland",c(-76.8568474584136, 39.1061366618251),-76.8568474584136,39.1061366618251
"2","24033800103","Census Tract 8001.03, Prince George's County, Maryland",c(-76.8400840586084, 39.0966935181157),-76.8400840586084,39.0966935181157
"3","24033800105","Census Tract 8001.05, Prince George's County, Maryland",c(-76.875326376185, 39.1065482715624),-76.875326376185,39.1065482715624
"4","24033800106","Census Tract 8001.06, Prince George's County, Maryland",c(-76.8798103434095, 39.0951129258495),-76.8798103434095,39.0951129258495
"5","24033800108","Census Tract 8001.08, Prince George's County, Maryland",c(-76.8604365766388, 39.0957211280027),-76.8604365766388,39.0957211280027
"6","24033800109","Census Tract 8001.09, Prince George's County, Maryland",c(-76.8657030685298, 39.0989278672855),-76.8657030685298,39.0989278672855
"7","24033800203","Census Tract 8002.03, Prince George's County, Maryland",c(-76.8992814764033, 39.1028610490782),-76.8992814764033,39.1028610490782
"8","24033800206","Census Tract 8002.06, Prince George's County, Maryland",c(-76.8310960466202, 39.0479759206935),-76.8310960466202,39.0479759206935
"9","24033800208","Census Tract 8002.08, Prince George's County, Maryland",c(-76.8568078927386, 39.057994096157),-76.8568078927386,39.057994096157
"10","24033800209","Census Tract 8002.09, Prince George's County, Maryland",c(-76.8500163751789, 39.0864258620083),-76.8500163751789,39.0864258620083
"11","24033800210","Census Tract 8002.10, Prince George's County, Maryland",c(-76.8552529957828, 39.0768807785445),-76.8552529957828,39.0768807785445
"12","24033800211","Census Tract 8002.11, Prince George's County, Maryland",c(-76.8405179872229, 39.0784319414125),-76.8405179872229,39.0784319414125
"13","24033800212","Census Tract 8002.12, Prince George's County, Maryland",c(-76.8800797212989, 39.0795554823863),-76.8800797212989,39.0795554823863
"14","24033800213","Census Tract 8002.13, Prince George's County, Maryland",c(-76.8613438262281, 39.0867116153934),-76.8613438262281,39.0867116153934
"15","24033800214","Census Tract 8002.14, Prince George's County, Maryland",c(-76.8513080985764, 39.0699815076145),-76.8513080985764,39.0699815076145
"16","24033800215","Census Tract 8002.15, Prince George's County, Maryland",c(-76.8634110587737, 39.0689833659565),-76.8634110587737,39.0689833659565
"17","24033800401","Census Tract 8004.01, Prince George's County, Maryland",c(-76.7266113277424, 38.9954875415359),-76.7266113277424,38.9954875415359
"18","24033800402","Census Tract 8004.02, Prince George's County, Maryland",c(-76.7438992622909, 38.9837836461979),-76.7438992622909,38.9837836461979
"19","24033800403","Census Tract 8004.03, Prince George's County, Maryland",c(-76.7507857921807, 38.9982483010679),-76.7507857921807,38.9982483010679
"20","24033800408","Census Tract 8004.08, Prince George's County, Maryland",c(-76.8093007121326, 38.9741930263455),-76.8093007121326,38.9741930263455
"21","24033800409","Census Tract 8004.09, Prince George's County, Maryland",c(-76.7738310673912, 38.9838753675068),-76.7738310673912,38.9838753675068
"22","24033800410","Census Tract 8004.10, Prince George's County, Maryland",c(-76.7685857751374, 39.0136309326973),-76.7685857751374,39.0136309326973
"23","24033800411","Census Tract 8004.11, Prince George's County, Maryland",c(-76.8135933541219, 39.0218283536169),-76.8135933541219,39.0218283536169
"24","24033800412","Census Tract 8004.12, Prince George's County, Maryland",c(-76.8433496789894, 38.9839117776714),-76.8433496789894,38.9839117776714
"25","24033800413","Census Tract 8004.13, Prince George's County, Maryland",c(-76.8288515276148, 38.9861637920174),-76.8288515276148,38.9861637920174
"26","24033800504","Census Tract 8005.04, Prince George's County, Maryland",c(-76.7177499824261, 38.9712680228957),-76.7177499824261,38.9712680228957
"27","24033800505","Census Tract 8005.05, Prince George's County, Maryland",c(-76.7306615401691, 38.9581074960913),-76.7306615401691,38.9581074960913
"28","24033800507","Census Tract 8005.07, Prince George's County, Maryland",c(-76.7055131877193, 38.8995844178927),-76.7055131877193,38.8995844178927
"29","24033800509","Census Tract 8005.09, Prince George's County, Maryland",c(-76.7703577752468, 38.8887912392238),-76.7703577752468,38.8887912392238
"30","24033800511","Census Tract 8005.11, Prince George's County, Maryland",c(-76.7295043601522, 38.9113227205248),-76.7295043601522,38.9113227205248
"31","24033800513","Census Tract 8005.13, Prince George's County, Maryland",c(-76.7558765147801, 38.9599988444749),-76.7558765147801,38.9599988444749
"32","24033800514","Census Tract 8005.14, Prince George's County, Maryland",c(-76.7825434606306, 38.957834360453),-76.7825434606306,38.957834360453
"33","24033800515","Census Tract 8005.15, Prince George's County, Maryland",c(-76.7414813589797, 38.9402518479298),-76.7414813589797,38.9402518479298
"34","24033800516","Census Tract 8005.16, Prince George's County, Maryland",c(-76.7296181216779, 38.9457122679423),-76.7296181216779,38.9457122679423
"35","24033800517","Census Tract 8005.17, Prince George's County, Maryland",c(-76.7721842733322, 38.9122703826898),-76.7721842733322,38.9122703826898
"36","24033800518","Census Tract 8005.18, Prince George's County, Maryland",c(-76.7718449412743, 38.9325432420634),-76.7718449412743,38.9325432420634
"37","24033800519","Census Tract 8005.19, Prince George's County, Maryland",c(-76.72476590363, 38.9266862554686),-76.72476590363,38.9266862554686
"38","24033800520","Census Tract 8005.20, Prince George's County, Maryland",c(-76.7220967884874, 38.9394657879357),-76.7220967884874,38.9394657879357
"39","24033800601","Census Tract 8006.01, Prince George's County, Maryland",c(-76.7174589551256, 38.825110735259),-76.7174589551256,38.825110735259
"40","24033800604","Census Tract 8006.04, Prince George's County, Maryland",c(-76.7110248530664, 38.8507654482033),-76.7110248530664,38.8507654482033
"41","24033800605","Census Tract 8006.05, Prince George's County, Maryland",c(-76.7447390825455, 38.800236986047),-76.7447390825455,38.800236986047
"42","24033800606","Census Tract 8006.06, Prince George's County, Maryland",c(-76.7633237520872, 38.8279785988135),-76.7633237520872,38.8279785988135
"43","24033800607","Census Tract 8006.07, Prince George's County, Maryland",c(-76.7756833714266, 38.8539375853457),-76.7756833714266,38.8539375853457
"44","24033800608","Census Tract 8006.08, Prince George's County, Maryland",c(-76.7455192375623, 38.8515680273801),-76.7455192375623,38.8515680273801
"45","24033800701","Census Tract 8007.01, Prince George's County, Maryland",c(-76.8158580132899, 38.837365385619),-76.8158580132899,38.837365385619
"46","24033800704","Census Tract 8007.04, Prince George's County, Maryland",c(-76.7828556319674, 38.7781158445436),-76.7828556319674,38.7781158445436
"47","24033800705","Census Tract 8007.05, Prince George's County, Maryland",c(-76.7808021093636, 38.7581100480285),-76.7808021093636,38.7581100480285
"48","24033800706","Census Tract 8007.06, Prince George's County, Maryland",c(-76.8216019323456, 38.7828921215337),-76.8216019323456,38.7828921215337
"49","24033800707","Census Tract 8007.07, Prince George's County, Maryland",c(-76.8016427615478, 38.802448107139),-76.8016427615478,38.802448107139
"50","24033800800","Census Tract 8008, Prince George's County, Maryland",c(-76.7422814026007, 38.7096791229251),-76.7422814026007,38.7096791229251
"51","24033800900","Census Tract 8009, Prince George's County, Maryland",c(-76.7262370149103, 38.6084730488952),-76.7262370149103,38.6084730488952
"52","24033801003","Census Tract 8010.03, Prince George's County, Maryland",c(-76.8604775993287, 38.6792062297457),-76.8604775993287,38.6792062297457
"53","24033801004","Census Tract 8010.04, Prince George's County, Maryland",c(-76.8553414625546, 38.7206368693781),-76.8553414625546,38.7206368693781
"54","24033801005","Census Tract 8010.05, Prince George's County, Maryland",c(-76.8336108890403, 38.7559517765808),-76.8336108890403,38.7559517765808
"55","24033801006","Census Tract 8010.06, Prince George's County, Maryland",c(-76.8229666372433, 38.7571261092429),-76.8229666372433,38.7571261092429
"56","24033801104","Census Tract 8011.04, Prince George's County, Maryland",c(-76.8743799397012, 38.8053386624929),-76.8743799397012,38.8053386624929
"57","24033801207","Census Tract 8012.07, Prince George's County, Maryland",c(-76.8689812423102, 38.7514214034089),-76.8689812423102,38.7514214034089
"58","24033801208","Census Tract 8012.08, Prince George's County, Maryland",c(-76.8884370763236, 38.7425312016374),-76.8884370763236,38.7425312016374
"59","24033801209","Census Tract 8012.09, Prince George's County, Maryland",c(-76.9037820016742, 38.7343243399941),-76.9037820016742,38.7343243399941
"60","24033801210","Census Tract 8012.10, Prince George's County, Maryland",c(-76.9219331263507, 38.768348618662),-76.9219331263507,38.768348618662
"61","24033801211","Census Tract 8012.11, Prince George's County, Maryland",c(-76.9035383360305, 38.7839179912343),-76.9035383360305,38.7839179912343
"62","24033801212","Census Tract 8012.12, Prince George's County, Maryland",c(-76.9153133759095, 38.7929299149596),-76.9153133759095,38.7929299149596
"63","24033801213","Census Tract 8012.13, Prince George's County, Maryland",c(-76.9393530009859, 38.7747132002104),-76.9393530009859,38.7747132002104
"64","24033801214","Census Tract 8012.14, Prince George's County, Maryland",c(-76.8612108882929, 38.7859819748833),-76.8612108882929,38.7859819748833
"65","24033801215","Census Tract 8012.15, Prince George's County, Maryland",c(-76.8519261203353, 38.7666460907192),-76.8519261203353,38.7666460907192
"66","24033801216","Census Tract 8012.16, Prince George's County, Maryland",c(-76.9138335365835, 38.7494689624652),-76.9138335365835,38.7494689624652
"67","24033801217","Census Tract 8012.17, Prince George's County, Maryland",c(-76.8934367540763, 38.7647382929009),-76.8934367540763,38.7647382929009
"68","24033801302","Census Tract 8013.02, Prince George's County, Maryland",c(-77.0394846397587, 38.6769243908147),-77.0394846397587,38.6769243908147
"69","24033801305","Census Tract 8013.05, Prince George's County, Maryland",c(-76.9682830993855, 38.7617882590678),-76.9682830993855,38.7617882590678
"70","24033801307","Census Tract 8013.07, Prince George's County, Maryland",c(-77.0136731394768, 38.7382991622232),-77.0136731394768,38.7382991622232
"71","24033801308","Census Tract 8013.08, Prince George's County, Maryland",c(-77.0004929799662, 38.7161849028469),-77.0004929799662,38.7161849028469
"72","24033801309","Census Tract 8013.09, Prince George's County, Maryland",c(-77.0317075061744, 38.7090995930404),-77.0317075061744,38.7090995930404
"73","24033801310","Census Tract 8013.10, Prince George's County, Maryland",c(-76.989573868082, 38.6596538365541),-76.989573868082,38.6596538365541
"74","24033801311","Census Tract 8013.11, Prince George's County, Maryland",c(-76.9492655635201, 38.7109369014195),-76.9492655635201,38.7109369014195
"75","24033801312","Census Tract 8013.12, Prince George's County, Maryland",c(-76.9806445436092, 38.7181721707614),-76.9806445436092,38.7181721707614
"76","24033801313","Census Tract 8013.13, Prince George's County, Maryland",c(-76.9772084495025, 38.7448639417248),-76.9772084495025,38.7448639417248
"77","24033801404","Census Tract 8014.04, Prince George's County, Maryland",c(-77.0217761387031, 38.781607996632),-77.0217761387031,38.781607996632
"78","24033801405","Census Tract 8014.05, Prince George's County, Maryland",c(-76.9895832889659, 38.797354338114),-76.9895832889659,38.797354338114
"79","24033801406","Census Tract 8014.06, Prince George's County, Maryland",c(-76.9774399293085, 38.7774108131377),-76.9774399293085,38.7774108131377
"80","24033801407","Census Tract 8014.07, Prince George's County, Maryland",c(-76.9494226839122, 38.78959406835),-76.9494226839122,38.78959406835
"81","24033801408","Census Tract 8014.08, Prince George's County, Maryland",c(-76.9633461005073, 38.7998639969564),-76.9633461005073,38.7998639969564
"82","24033801409","Census Tract 8014.09, Prince George's County, Maryland",c(-76.984094589304, 38.7869002543299),-76.984094589304,38.7869002543299
"83","24033801410","Census Tract 8014.10, Prince George's County, Maryland",c(-77.0228896404366, 38.7555751758357),-77.0228896404366,38.7555751758357
"84","24033801411","Census Tract 8014.11, Prince George's County, Maryland",c(-77.0053584588141, 38.7690691098672),-77.0053584588141,38.7690691098672
"85","24033801500","Census Tract 8015, Prince George's County, Maryland",c(-77.0109659780602, 38.8051760647274),-77.0109659780602,38.8051760647274
"86","24033801600","Census Tract 8016, Prince George's County, Maryland",c(-76.9965211011609, 38.8203008924566),-76.9965211011609,38.8203008924566
"87","24033801701","Census Tract 8017.01, Prince George's County, Maryland",c(-76.9435920354493, 38.8066610946968),-76.9435920354493,38.8066610946968
"88","24033801702","Census Tract 8017.02, Prince George's County, Maryland",c(-76.9587388200633, 38.8103344886645),-76.9587388200633,38.8103344886645
"89","24033801704","Census Tract 8017.04, Prince George's County, Maryland",c(-76.9808002806508, 38.8234905119885),-76.9808002806508,38.8234905119885
"90","24033801706","Census Tract 8017.06, Prince George's County, Maryland",c(-76.9603372656751, 38.823111279878),-76.9603372656751,38.823111279878
"91","24033801707","Census Tract 8017.07, Prince George's County, Maryland",c(-76.9849948396559, 38.8131752924882),-76.9849948396559,38.8131752924882
"92","24033801708","Census Tract 8017.08, Prince George's County, Maryland",c(-76.9647770686945, 38.8159403030824),-76.9647770686945,38.8159403030824
"93","24033801801","Census Tract 8018.01, Prince George's County, Maryland",c(-76.9478682281388, 38.8291945936288),-76.9478682281388,38.8291945936288
"94","24033801802","Census Tract 8018.02, Prince George's County, Maryland",c(-76.9504922403294, 38.8349194406043),-76.9504922403294,38.8349194406043
"95","24033801804","Census Tract 8018.04, Prince George's County, Maryland",c(-76.9581339115837, 38.8408306191992),-76.9581339115837,38.8408306191992
"96","24033801805","Census Tract 8018.05, Prince George's County, Maryland",c(-76.9557795337699, 38.846371610378),-76.9557795337699,38.846371610378
"97","24033801807","Census Tract 8018.07, Prince George's County, Maryland",c(-76.9717743485292, 38.8366746176828),-76.9717743485292,38.8366746176828
"98","24033801808","Census Tract 8018.08, Prince George's County, Maryland",c(-76.9624994348998, 38.8326984166953),-76.9624994348998,38.8326984166953
"99","24033801901","Census Tract 8019.01, Prince George's County, Maryland",c(-76.926942970062, 38.8083764584118),-76.926942970062,38.8083764584118
"100","24033801904","Census Tract 8019.04, Prince George's County, Maryland",c(-76.9054244968635, 38.812540651275),-76.9054244968635,38.812540651275
"101","24033801905","Census Tract 8019.05, Prince George's County, Maryland",c(-76.9096062735746, 38.8257873701054),-76.9096062735746,38.8257873701054
"102","24033801906","Census Tract 8019.06, Prince George's County, Maryland",c(-76.8882305572008, 38.830171376948),-76.8882305572008,38.830171376948
"103","24033801907","Census Tract 8019.07, Prince George's County, Maryland",c(-76.9349993366698, 38.8290579422511),-76.9349993366698,38.8290579422511
"104","24033801908","Census Tract 8019.08, Prince George's County, Maryland",c(-76.9437466911131, 38.8444212730983),-76.9437466911131,38.8444212730983
"105","24033802001","Census Tract 8020.01, Prince George's County, Maryland",c(-76.9195319148761, 38.8401337750221),-76.9195319148761,38.8401337750221
"106","24033802002","Census Tract 8020.02, Prince George's County, Maryland",c(-76.9149324988034, 38.8479011998872),-76.9149324988034,38.8479011998872
"107","24033802103","Census Tract 8021.03, Prince George's County, Maryland",c(-76.8908136144912, 38.8484013960735),-76.8908136144912,38.8484013960735
"108","24033802104","Census Tract 8021.04, Prince George's County, Maryland",c(-76.8792405954193, 38.837414037966),-76.8792405954193,38.837414037966
"109","24033802106","Census Tract 8021.06, Prince George's County, Maryland",c(-76.8947129983632, 38.8403248167516),-76.8947129983632,38.8403248167516
"110","24033802107","Census Tract 8021.07, Prince George's County, Maryland",c(-76.9028468260519, 38.8429820304434),-76.9028468260519,38.8429820304434
"111","24033802201","Census Tract 8022.01, Prince George's County, Maryland",c(-76.8527879720016, 38.8432239274713),-76.8527879720016,38.8432239274713
"112","24033802203","Census Tract 8022.03, Prince George's County, Maryland",c(-76.8703509526467, 38.8520713328434),-76.8703509526467,38.8520713328434
"113","24033802204","Census Tract 8022.04, Prince George's County, Maryland",c(-76.86112185866, 38.872154759508),-76.86112185866,38.872154759508
"114","24033802301","Census Tract 8023.01, Prince George's County, Maryland",c(-76.8906581377458, 38.8572105853774),-76.8906581377458,38.8572105853774
"115","24033802404","Census Tract 8024.04, Prince George's County, Maryland",c(-76.8910218497398, 38.8641804544215),-76.8910218497398,38.8641804544215
"116","24033802405","Census Tract 8024.05, Prince George's County, Maryland",c(-76.9366221491637, 38.8553390441626),-76.9366221491637,38.8553390441626
"117","24033802406","Census Tract 8024.06, Prince George's County, Maryland",c(-76.9210812739713, 38.8553518616782),-76.9210812739713,38.8553518616782
"118","24033802407","Census Tract 8024.07, Prince George's County, Maryland",c(-76.9090405457512, 38.8594612126678),-76.9090405457512,38.8594612126678
"119","24033802408","Census Tract 8024.08, Prince George's County, Maryland",c(-76.9197784064872, 38.865110319911),-76.9197784064872,38.865110319911
"120","24033802501","Census Tract 8025.01, Prince George's County, Maryland",c(-76.9450297055162, 38.8622183746858),-76.9450297055162,38.8622183746858
"121","24033802502","Census Tract 8025.02, Prince George's County, Maryland",c(-76.9301934310239, 38.8692155166935),-76.9301934310239,38.8692155166935
"122","24033802600","Census Tract 8026, Prince George's County, Maryland",c(-76.924182118319, 38.8755393963849),-76.924182118319,38.8755393963849
"123","24033802700","Census Tract 8027, Prince George's County, Maryland",c(-76.9143563498311, 38.8840460789563),-76.9143563498311,38.8840460789563
"124","24033802803","Census Tract 8028.03, Prince George's County, Maryland",c(-76.9055060360171, 38.8739315253992),-76.9055060360171,38.8739315253992
"125","24033802804","Census Tract 8028.04, Prince George's County, Maryland",c(-76.8789107303052, 38.8807565439709),-76.8789107303052,38.8807565439709
"126","24033802805","Census Tract 8028.05, Prince George's County, Maryland",c(-76.8878447271078, 38.8939510512847),-76.8878447271078,38.8939510512847
"127","24033802901","Census Tract 8029.01, Prince George's County, Maryland",c(-76.9034187283241, 38.8937383347795),-76.9034187283241,38.8937383347795
"128","24033803001","Census Tract 8030.01, Prince George's County, Maryland",c(-76.9110487461602, 38.9025646533785),-76.9110487461602,38.9025646533785
"129","24033803002","Census Tract 8030.02, Prince George's County, Maryland",c(-76.8954326164724, 38.9033213015577),-76.8954326164724,38.9033213015577
"130","24033803100","Census Tract 8031, Prince George's County, Maryland",c(-76.9165796107386, 38.9101985818036),-76.9165796107386,38.9101985818036
"131","24033803200","Census Tract 8032, Prince George's County, Maryland",c(-76.8981626064824, 38.9221491004746),-76.8981626064824,38.9221491004746
"132","24033803300","Census Tract 8033, Prince George's County, Maryland",c(-76.8914756958051, 38.9172004441858),-76.8914756958051,38.9172004441858
"133","24033803401","Census Tract 8034.01, Prince George's County, Maryland",c(-76.8724535118532, 38.9219163502201),-76.8724535118532,38.9219163502201
"134","24033803402","Census Tract 8034.02, Prince George's County, Maryland",c(-76.8733325411584, 38.9159719004464),-76.8733325411584,38.9159719004464
"135","24033803508","Census Tract 8035.08, Prince George's County, Maryland",c(-76.861691124292, 38.9258627386361),-76.861691124292,38.9258627386361
"136","24033803509","Census Tract 8035.09, Prince George's County, Maryland",c(-76.8819360015543, 38.9322481406093),-76.8819360015543,38.9322481406093
"137","24033803512","Census Tract 8035.12, Prince George's County, Maryland",c(-76.8300633471153, 38.8768909703017),-76.8300633471153,38.8768909703017
"138","24033803513","Census Tract 8035.13, Prince George's County, Maryland",c(-76.8265016025511, 38.8866652728282),-76.8265016025511,38.8866652728282
"139","24033803514","Census Tract 8035.14, Prince George's County, Maryland",c(-76.8392892450466, 38.9052074813631),-76.8392892450466,38.9052074813631
"140","24033803516","Census Tract 8035.16, Prince George's County, Maryland",c(-76.8152675920619, 38.9516062967145),-76.8152675920619,38.9516062967145
"141","24033803519","Census Tract 8035.19, Prince George's County, Maryland",c(-76.8623440169843, 38.8959666442487),-76.8623440169843,38.8959666442487
"142","24033803520","Census Tract 8035.20, Prince George's County, Maryland",c(-76.8181378243469, 38.9359108126429),-76.8181378243469,38.9359108126429
"143","24033803521","Census Tract 8035.21, Prince George's County, Maryland",c(-76.8380172432832, 38.924532515809),-76.8380172432832,38.924532515809
"144","24033803522","Census Tract 8035.22, Prince George's County, Maryland",c(-76.8088523676272, 38.902964619801),-76.8088523676272,38.902964619801
"145","24033803523","Census Tract 8035.23, Prince George's County, Maryland",c(-76.8151870994084, 38.9127772556772),-76.8151870994084,38.9127772556772
"146","24033803524","Census Tract 8035.24, Prince George's County, Maryland",c(-76.8773168995513, 38.9042219658047),-76.8773168995513,38.9042219658047
"147","24033803525","Census Tract 8035.25, Prince George's County, Maryland",c(-76.8634736058234, 38.9104990315311),-76.8634736058234,38.9104990315311
"148","24033803526","Census Tract 8035.26, Prince George's County, Maryland",c(-76.8070952487599, 38.8868620805218),-76.8070952487599,38.8868620805218
"149","24033803527","Census Tract 8035.27, Prince George's County, Maryland",c(-76.8199437347119, 38.8945073699292),-76.8199437347119,38.8945073699292
"150","24033803601","Census Tract 8036.01, Prince George's County, Maryland",c(-76.8472269638348, 38.9398141254505),-76.8472269638348,38.9398141254505
"151","24033803602","Census Tract 8036.02, Prince George's County, Maryland",c(-76.8672027106476, 38.9418711662493),-76.8672027106476,38.9418711662493
"152","24033803605","Census Tract 8036.05, Prince George's County, Maryland",c(-76.8835175963225, 38.9693137914389),-76.8835175963225,38.9693137914389
"153","24033803606","Census Tract 8036.06, Prince George's County, Maryland",c(-76.8587237817362, 38.9724195718615),-76.8587237817362,38.9724195718615
"154","24033803607","Census Tract 8036.07, Prince George's County, Maryland",c(-76.8365492011983, 38.9672504546969),-76.8365492011983,38.9672504546969
"155","24033803608","Census Tract 8036.08, Prince George's County, Maryland",c(-76.8471738426539, 38.9561130814493),-76.8471738426539,38.9561130814493
"156","24033803610","Census Tract 8036.10, Prince George's County, Maryland",c(-76.8799852072874, 38.9629315740733),-76.8799852072874,38.9629315740733
"157","24033803612","Census Tract 8036.12, Prince George's County, Maryland",c(-76.8761447145752, 38.9506025296118),-76.8761447145752,38.9506025296118
"158","24033803613","Census Tract 8036.13, Prince George's County, Maryland",c(-76.885618586144, 38.958304715355),-76.885618586144,38.958304715355
"159","24033803700","Census Tract 8037, Prince George's County, Maryland",c(-76.888068537032, 38.9433722989141),-76.888068537032,38.9433722989141
"160","24033803801","Census Tract 8038.01, Prince George's County, Maryland",c(-76.9051960163819, 38.9457708828679),-76.9051960163819,38.9457708828679
"161","24033803803","Census Tract 8038.03, Prince George's County, Maryland",c(-76.8974452812629, 38.9544569746788),-76.8974452812629,38.9544569746788
"162","24033803900","Census Tract 8039, Prince George's County, Maryland",c(-76.9219780936296, 38.9493068081294),-76.9219780936296,38.9493068081294
"163","24033804001","Census Tract 8040.01, Prince George's County, Maryland",c(-76.9136752604795, 38.9466434459625),-76.9136752604795,38.9466434459625
"164","24033804002","Census Tract 8040.02, Prince George's County, Maryland",c(-76.9317126978988, 38.9408651096761),-76.9317126978988,38.9408651096761
"165","24033804101","Census Tract 8041.01, Prince George's County, Maryland",c(-76.9060563753129, 38.9269430652938),-76.9060563753129,38.9269430652938
"166","24033804102","Census Tract 8041.02, Prince George's County, Maryland",c(-76.9009486623331, 38.9375379630186),-76.9009486623331,38.9375379630186
"167","24033804200","Census Tract 8042, Prince George's County, Maryland",c(-76.9187849157661, 38.9251580640421),-76.9187849157661,38.9251580640421
"168","24033804300","Census Tract 8043, Prince George's County, Maryland",c(-76.9301886128061, 38.9257792808702),-76.9301886128061,38.9257792808702
"169","24033804400","Census Tract 8044, Prince George's County, Maryland",c(-76.946812141469, 38.9313726587179),-76.946812141469,38.9313726587179
"170","24033804600","Census Tract 8046, Prince George's County, Maryland",c(-76.9552851988134, 38.9436011973085),-76.9552851988134,38.9436011973085
"171","24033804700","Census Tract 8047, Prince George's County, Maryland",c(-76.9626415947537, 38.9398387323752),-76.9626415947537,38.9398387323752
"172","24033804801","Census Tract 8048.01, Prince George's County, Maryland",c(-76.9695960723446, 38.9443838131346),-76.9695960723446,38.9443838131346
"173","24033804802","Census Tract 8048.02, Prince George's County, Maryland",c(-76.9638296827218, 38.9504525332173),-76.9638296827218,38.9504525332173
"174","24033804900","Census Tract 8049, Prince George's County, Maryland",c(-76.9775070092726, 38.9508841697702),-76.9775070092726,38.9508841697702
"175","24033805000","Census Tract 8050, Prince George's County, Maryland",c(-76.9835882701793, 38.96060668487),-76.9835882701793,38.96060668487
"176","24033805101","Census Tract 8051.01, Prince George's County, Maryland",c(-76.9734325051141, 38.9612276141642),-76.9734325051141,38.9612276141642
"177","24033805201","Census Tract 8052.01, Prince George's County, Maryland",c(-76.9955764254817, 38.9663377018326),-76.9955764254817,38.9663377018326
"178","24033805202","Census Tract 8052.02, Prince George's County, Maryland",c(-76.9889088476829, 38.9718094478477),-76.9889088476829,38.9718094478477
"179","24033805500","Census Tract 8055, Prince George's County, Maryland",c(-76.9818509167223, 38.9796138629531),-76.9818509167223,38.9796138629531
"180","24033805601","Census Tract 8056.01, Prince George's County, Maryland",c(-76.9843891738285, 38.9903694300203),-76.9843891738285,38.9903694300203
"181","24033805602","Census Tract 8056.02, Prince George's County, Maryland",c(-76.9807391424513, 38.9894128044236),-76.9807391424513,38.9894128044236
"182","24033805700","Census Tract 8057, Prince George's County, Maryland",c(-76.9785676392935, 38.9925887383941),-76.9785676392935,38.9925887383941
"183","24033805801","Census Tract 8058.01, Prince George's County, Maryland",c(-76.9678407563731, 38.97867976455),-76.9678407563731,38.97867976455
"184","24033805802","Census Tract 8058.02, Prince George's County, Maryland",c(-76.974423584541, 38.9741838071958),-76.974423584541,38.9741838071958
"185","24033805904","Census Tract 8059.04, Prince George's County, Maryland",c(-76.9684539996674, 38.995832592382),-76.9684539996674,38.995832592382
"186","24033805906","Census Tract 8059.06, Prince George's County, Maryland",c(-76.9746308154833, 39.0068691823377),-76.9746308154833,39.0068691823377
"187","24033805907","Census Tract 8059.07, Prince George's County, Maryland",c(-76.9785915042623, 39.0049364250556),-76.9785915042623,39.0049364250556
"188","24033805908","Census Tract 8059.08, Prince George's County, Maryland",c(-76.9552537228186, 38.9710345624424),-76.9552537228186,38.9710345624424
"189","24033805909","Census Tract 8059.09, Prince George's County, Maryland",c(-76.9605106037227, 38.9777847279968),-76.9605106037227,38.9777847279968
"190","24033806000","Census Tract 8060, Prince George's County, Maryland",c(-76.9617632104097, 38.962634449446),-76.9617632104097,38.962634449446
"191","24033806100","Census Tract 8061, Prince George's County, Maryland",c(-76.9545408509382, 38.9566046721798),-76.9545408509382,38.9566046721798
"192","24033806200","Census Tract 8062, Prince George's County, Maryland",c(-76.9470824098474, 38.9550323392578),-76.9470824098474,38.9550323392578
"193","24033806300","Census Tract 8063, Prince George's County, Maryland",c(-76.9367440150473, 38.9507406740034),-76.9367440150473,38.9507406740034
"194","24033806400","Census Tract 8064, Prince George's County, Maryland",c(-76.9458996597001, 38.9751182195948),-76.9458996597001,38.9751182195948
"195","24033806501","Census Tract 8065.01, Prince George's County, Maryland",c(-76.9313560588814, 38.9588908773072),-76.9313560588814,38.9588908773072
"196","24033806601","Census Tract 8066.01, Prince George's County, Maryland",c(-76.913945389356, 38.9570321423394),-76.913945389356,38.9570321423394
"197","24033806602","Census Tract 8066.02, Prince George's County, Maryland",c(-76.9106155263408, 38.9665008370082),-76.9106155263408,38.9665008370082
"198","24033806706","Census Tract 8067.06, Prince George's County, Maryland",c(-76.8956599934842, 38.9836032657304),-76.8956599934842,38.9836032657304
"199","24033806708","Census Tract 8067.08, Prince George's County, Maryland",c(-76.8802379966163, 39.0011071828064),-76.8802379966163,39.0011071828064
"200","24033806710","Census Tract 8067.10, Prince George's County, Maryland",c(-76.8730635733825, 38.9878793555853),-76.8730635733825,38.9878793555853
"201","24033806711","Census Tract 8067.11, Prince George's County, Maryland",c(-76.858326005935, 38.9844204753077),-76.858326005935,38.9844204753077
"202","24033806712","Census Tract 8067.12, Prince George's County, Maryland",c(-76.8579711883536, 39.0016563250988),-76.8579711883536,39.0016563250988
"203","24033806713","Census Tract 8067.13, Prince George's County, Maryland",c(-76.9027101458729, 39.0013278694161),-76.9027101458729,39.0013278694161
"204","24033806714","Census Tract 8067.14, Prince George's County, Maryland",c(-76.9100051311186, 39.0053334620969),-76.9100051311186,39.0053334620969
"205","24033806800","Census Tract 8068, Prince George's County, Maryland",c(-76.913703132428, 38.9895211850366),-76.913703132428,38.9895211850366
"206","24033806900","Census Tract 8069, Prince George's County, Maryland",c(-76.9194276970057, 39.012820143898),-76.9194276970057,39.012820143898
"207","24033807000","Census Tract 8070, Prince George's County, Maryland",c(-76.9274414567311, 38.997880326985),-76.9274414567311,38.997880326985
"208","24033807102","Census Tract 8071.02, Prince George's County, Maryland",c(-76.9269201448558, 38.9716164143895),-76.9269201448558,38.9716164143895
"209","24033807200","Census Tract 8072, Prince George's County, Maryland",c(-76.9455981780652, 38.9922779390726),-76.9455981780652,38.9922779390726
"210","24033807301","Census Tract 8073.01, Prince George's County, Maryland",c(-76.9431335246067, 39.0118913726164),-76.9431335246067,39.0118913726164
"211","24033807304","Census Tract 8073.04, Prince George's County, Maryland",c(-76.9594170675878, 39.0249291454333),-76.9594170675878,39.0249291454333
"212","24033807305","Census Tract 8073.05, Prince George's County, Maryland",c(-76.9631978924963, 39.0123891620657),-76.9631978924963,39.0123891620657
"213","24033807404","Census Tract 8074.04, Prince George's County, Maryland",c(-76.9084688909966, 39.0374607873597),-76.9084688909966,39.0374607873597
"214","24033807405","Census Tract 8074.05, Prince George's County, Maryland",c(-76.928670655795, 39.0345201943126),-76.928670655795,39.0345201943126
"215","24033807407","Census Tract 8074.07, Prince George's County, Maryland",c(-76.9239172124164, 39.0666746568694),-76.9239172124164,39.0666746568694
"216","24033807408","Census Tract 8074.08, Prince George's County, Maryland",c(-76.884221290854, 39.0396050083647),-76.884221290854,39.0396050083647
"217","24033807409","Census Tract 8074.09, Prince George's County, Maryland",c(-76.9465309478057, 39.037501668349),-76.9465309478057,39.037501668349
"218","24033807410","Census Tract 8074.10, Prince George's County, Maryland",c(-76.9460303455542, 39.0461182744201),-76.9460303455542,39.0461182744201
